,danceability,energy,loudness,speechiness,acousticness,instrumentalness,liveness,valence,tempo,minutestamp,PC0,PC1
0,0.549,0.433,-8.526,0.0327,0.906,0.0108,0.0774,0.486,116.068,2.5846666666666667,0.11599258721726141,0.03852406775200246
1,0.385,0.283,-8.013,0.0546,0.78,0.0,0.0726,0.557,179.547,5.87845,0.11448926662162771,-0.7756965677150176
2,0.427,0.374,-9.925,0.0759,0.98,0.0,0.382,0.436,79.116,10.213783333333334,0.4075981442689064,2.3350490683200094
3,0.289,0.218,-8.587,0.0387,0.964,0.000132,0.132,0.114,109.513,13.513333333333334,1.5177083880006692,0.3987623801274903
4,0.258,0.357,-8.713,0.0294,0.789,7.39e-06,0.0812,0.224,94.451,17.018883333333335,1.179329234927643,0.10312521946968209
5,0.492,0.466,-6.766,0.0381,0.821,0.0,0.164,0.627,105.319,21.568666666666665,-0.3331678972070263,0.48871295642150875
6,0.317,0.236,-9.514,0.0358,0.896,0.0,0.229,0.413,186.387,25.129333333333335,0.6550368588275518,-0.40382576450334506
7,0.344,0.404,-7.478,0.0358,0.829,0.0,0.27,0.441,80.778,28.2457,0.39344124880396664,1.1867945090434853
8,0.478,0.389,-8.54,0.0546,0.779,6.66e-06,0.193,0.61,89.765,31.226366666666667,-0.057400438215025176,1.045360287611815
9,0.237,0.285,-20.239,0.041,0.793,0.976,0.0897,0.0388,140.36,35.28053333333333,3.4597562661702916,-0.6406471811391826
10,0.257,0.185,-27.557,0.0743,0.847,0.635,0.118,0.0681,75.864,36.89853333333333,4.026067102885446,1.2320452738956997
11,0.36,0.644,-9.91,0.037,0.0286,0.849,0.0857,0.329,120.812,43.146033333333335,0.42662576582399514,-1.4147251935231835
12,0.369,0.797,-6.829,0.0466,0.000142,0.87,0.0624,0.101,122.045,48.11025,0.14251782875769073,-1.665167914212549
13,0.366,0.417,-10.763,0.0383,0.959,0.913,0.0866,0.0399,79.656,53.52446666666667,2.4482559331596674,0.24125372422052885
14,0.27,0.5,-6.865,0.0308,0.166,0.899,0.076,0.0573,97.544,63.3658,1.25494070154005,-1.1340748629166264
15,0.431,0.814,-6.845,0.0545,0.00809,0.0254,0.0976,0.0738,119.997,68.28268333333334,-0.9273147315991948,-1.0715543973216592
16,0.361,0.824,-6.037,0.0631,0.000591,0.0486,0.106,0.0985,120.666,76.02713333333334,-0.9264490773523698,-0.9976282825164832
17,0.184,0.613,-7.037,0.0337,0.0265,0.624,0.277,0.0746,127.61,83.83558333333333,0.4582697336999413,-0.9240472079794819
18,0.0855,0.483,-10.508,0.0399,0.301,0.795,0.102,0.112,81.268,94.13003333333333,1.9741348348270646,-0.4504928923572002
19,0.21,0.629,-7.102,0.0383,0.328,0.842,0.0988,0.127,74.873,101.30003333333333,1.2426702224556114,-0.4757531552427191
20,0.196,0.686,-7.025,0.0346,0.0302,0.675,0.189,0.102,120.269,109.10803333333334,0.4504457816374388,-1.1737627469951273
21,0.135,0.473,-9.112,0.0449,0.517,0.876,0.249,0.126,88.73,115.87448333333333,1.847381901836084,0.23957697918816342
22,0.14,0.141,-19.327,0.0403,0.844,0.846,0.12,0.0396,73.649,123.70781666666667,3.9724879486636233,0.6306783843904231
23,0.185,0.445,-10.705,0.0319,0.711,0.908,0.106,0.0396,108.052,132.0187,2.4047444721328675,-0.5211490140091068
24,0.188,0.233,-13.496,0.0341,0.938,0.875,0.148,0.0365,97.336,138.14825,3.209296261325316,0.24609336124814035
25,0.167,0.353,-10.714,0.0326,0.852,0.914,0.447,0.035,136.219,144.76003333333333,2.28119543362441,0.5233295663209285
26,0.294,0.467,-7.834,0.0413,0.0462,0.941,0.0858,0.381,141.447,149.84315,0.6271273699913125,-1.6386881583648842
27,0.12,0.5,-9.249,0.0379,0.706,0.848,0.0976,0.0393,84.435,156.45736666666667,2.3287002830477967,-0.17570125525811248
28,0.215,0.246,-13.514,0.0377,0.711,0.968,0.0967,0.0369,115.564,164.19691666666668,2.964017600305104,-0.4626742628856011
29,0.183,0.32,-11.082,0.0364,0.77,0.934,0.183,0.0298,128.466,170.44736666666665,2.578910826836933,-0.370727934619297
30,0.537,0.402,-7.674,0.0261,0.621,0.0228,0.135,0.173,136.937,177.08336666666668,0.11792871510083919,-0.5627878406978525
31,0.315,0.702,-6.328,0.0343,0.0555,0.108,0.315,0.184,139.458,181.56181666666666,-0.7858985025245873,-0.7108000169270948
32,0.156,0.392,-8.945,0.0326,0.564,0.47,0.113,0.193,80.439,190.98298333333332,1.6740665091640565,-0.003774406856464713
33,0.334,0.454,-10.787,0.0357,0.267,0.246,0.116,0.0403,123.902,196.23831666666666,0.8271289373195921,-0.8605085042469771
34,0.327,0.524,-7.891,0.0295,0.0409,0.819,0.486,0.115,102.094,203.88765,0.44618377843047063,0.25420234043372214
35,0.3,0.627,-6.039,0.0343,0.0154,0.727,0.0855,0.165,77.906,208.89543333333333,0.47568927051576426,-0.888027334164574
36,0.33,0.469,-7.655,0.03,0.429,0.724,0.0863,0.0936,120.701,215.05565,1.193740754091046,-1.0507870075357957
37,0.297,0.434,-10.284,0.0314,0.363,0.894,0.0642,0.0667,139.945,217.34586666666667,1.6546392488759216,-1.501763571252683
38,0.49,0.628,-9.435,0.0298,0.54,0.948,0.116,0.106,110.282,222.25825,1.097312116567759,-0.7608312876586824
39,0.202,0.492,-11.579,0.0455,0.315,0.758,0.0934,0.227,132.343,230.3098,1.4241031354696285,-1.0870555621639226
40,0.156,0.433,-8.695,0.0337,0.112,0.93,0.128,0.034,133.796,239.6078,1.5767443706926172,-1.5001219694128969
41,0.227,0.0682,-16.747,0.0411,0.84,0.67,0.0777,0.126,111.98,243.77358333333333,3.2608632058374765,0.004829075483287856
42,0.401,0.349,-11.843,0.0292,0.764,0.0346,0.0696,0.124,128.857,251.70425,1.1959370076600115,-0.4484033378269677
43,0.191,0.479,-11.837,0.0439,0.326,0.765,0.0916,0.208,133.237,259.75646666666665,1.5406692030659277,-1.1147963920176123
44,0.157,0.268,-9.128,0.0345,0.75,0.171,0.117,0.0731,142.966,265.2609166666667,1.6728997598785253,-0.5805664320328487
45,0.38,0.727,-5.073,0.03,1.51e-05,0.101,0.368,0.196,105.055,270.3118,-1.0683046275596557,-0.1060477071293103
46,0.21,0.335,-15.059,0.0585,0.891,0.873,0.629,0.107,64.447,278.98625,2.52437498804573,2.786110421349405
47,0.467,0.609,-7.893,0.0326,0.657,0.00379,0.0887,0.295,117.977,283.68825,-0.10337170966047082,-0.40790618851575405
48,0.24,0.802,-6.814,0.0613,0.0646,0.922,0.114,0.369,74.534,289.9538,0.26170095435684093,-0.46741029380666976
49,0.217,0.627,-9.015,0.052,0.541,0.746,0.111,0.0555,106.769,300.02891666666665,1.4345393146215424,-0.4838442667355964
50,0.136,0.117,-9.714,0.0376,0.68,0.000175,0.326,0.0356,172.225,304.95253333333335,1.4718287882030412,-0.1446532894651697
51,0.0631,0.347,-14.486,0.0396,0.824,0.811,0.265,0.036,35.11,308.19603333333333,3.288228760224456,1.5289616049926171
52,0.221,0.131,-23.169,0.04,0.96,0.922,0.0861,0.0375,119.024,315.8374,4.233544127059278,-0.007122768639130502
53,0.311,0.462,-7.874,0.0414,0.0405,0.947,0.0858,0.362,141.498,320.9205166666667,0.6279046257734884,-1.6456506161697613
54,0.0792,0.155,-17.508,0.0472,0.821,0.966,0.114,0.0347,172.351,325.94551666666666,3.613388263344251,-0.9555561901066274
55,0.0745,0.0624,-23.616,0.0492,0.912,0.895,0.103,0.0338,79.581,333.05385,4.73372864097632,0.7328528312338386
56,0.256,0.489,-9.12,0.0382,0.00484,0.00238,0.133,0.0542,116.538,338.2022666666667,0.23183150128991611,-0.9029690169785876
57,0.179,0.154,-21.45,0.0385,0.89,0.000163,0.371,0.11,94.248,340.9076,2.7764231435441986,1.6824386455861247
58,0.332,0.568,-6.479,0.0392,0.324,0.539,0.107,0.0619,117.753,344.50405,0.6071393101492304,-0.9465854897440295
59,0.38,0.727,-5.073,0.03,1.51e-05,0.101,0.368,0.196,105.055,349.55493333333334,-1.0683046275596557,-0.1060477071293103
60,0.0964,0.317,-11.082,0.0375,0.749,0.95,0.176,0.0297,81.193,355.80538333333334,2.953274356404558,0.29134321453149725
61,0.361,0.824,-6.037,0.0631,0.000591,0.0486,0.106,0.0985,120.666,363.5498333333333,-0.9264490773523698,-0.9976282825164832
62,0.0968,0.22,-13.907,0.0398,0.817,0.623,0.156,0.0361,74.809,368.49983333333336,3.1297630745421143,0.64840222821568
63,0.39,0.857,-5.293,0.0296,0.343,0.0185,0.367,0.616,106.282,372.60671666666667,-1.5695049395276672,0.3492882471443783
64,0.362,0.689,-5.18,0.0334,0.106,0.577,0.101,0.112,102.665,378.17893333333336,0.05304992832333138,-1.115965997606792
65,0.528,0.952,-6.338,0.0698,0.0818,0.311,0.353,0.778,177.366,381.2904833333333,-2.501801982939018,-0.6642921969100213
66,0.137,0.139,-19.434,0.0376,0.833,0.856,0.123,0.048,65.193,389.12381666666664,4.01970332578517,0.7299577150034507
67,0.069,0.398,-12.103,0.066,0.582,0.384,0.701,0.039,74.796,400.70995,1.5479012895302826,2.6989800882576986
68,0.147,0.442,-8.684,0.0334,0.126,0.915,0.129,0.0344,137.834,409.9746166666667,1.5616992091853892,-1.548157312693592
69,0.137,0.362,-13.904,0.0408,0.797,0.936,0.131,0.0342,83.202,414.82461666666666,3.10876218503042,0.2252658699203235
70,0.128,0.133,-13.919,0.0385,0.919,0.657,0.105,0.0397,66.897,421.4632833333333,3.4398008915424088,0.716068173379634
71,0.415,0.355,-11.851,0.0293,0.769,0.0354,0.0683,0.099,128.752,429.39506666666665,1.1969662172281246,-0.45379215623076846
72,0.184,0.423,-9.335,0.0399,0.496,0.901,0.201,0.0954,137.74,436.17128333333335,1.7678764085585565,-0.7487020457822118
73,0.128,0.375,-10.926,0.0429,0.0746,0.403,0.151,0.0435,166.383,444.34973333333335,1.142808279876673,-1.571860770854075
74,0.131,0.638,-8.963,0.0419,0.0571,0.78,0.109,0.174,157.651,456.10128333333336,0.8063411882236573,-1.9055478690167595
75,0.16,0.13,-18.416,0.0403,0.857,0.491,0.19,0.0378,100.599,463.80896666666666,3.3220046471629248,0.6274924162591338
76,0.197,0.334,-16.672,0.0889,0.938,0.891,0.116,0.0247,120.424,466.1923,3.1000101572105767,0.3983407229252368
77,0.665,0.308,-12.804,0.0245,0.213,0.321,0.0885,0.491,93.027,476.1351,0.1834589658300433,-0.3470823530182644
78,0.161,0.246,-13.514,0.0369,0.713,0.967,0.0967,0.0368,95.099,483.87465,3.1631988130479565,-0.16943348096726063
79,0.304,0.264,-19.115,0.0435,0.742,0.965,0.184,0.0399,124.95,489.0366,3.1353312948601544,-0.06380340594340812
80,0.253,0.694,-7.235,0.0545,0.0723,0.952,0.211,0.33,74.314,495.4846,0.4669210336966833,-0.1271937058547438
81,0.407,0.184,-12.944,0.0337,0.808,0.0415,0.536,0.0841,93.092,505.2744666666667,1.2971562485028987,2.038871616124249
82,0.19,0.482,-11.912,0.0469,0.33,0.798,0.0926,0.228,134.418,513.3235833333333,1.5418502450669955,-1.0968238129332901
83,0.155,0.47,-9.221,0.034,0.696,0.83,0.0979,0.0496,84.218,519.9378,2.2735258815142894,-0.19138898439568197
84,0.164,0.345,-10.738,0.0327,0.851,0.892,0.454,0.0346,138.538,526.5495833333333,2.262400713078681,0.5265970203521876
85,0.452,0.507,-13.181,0.0272,0.215,0.905,0.0788,0.56,130.608,534.16975,0.7190082170842012,-1.2887791172826266
86,0.351,0.609,-9.031,0.0418,0.0614,0.803,0.386,0.1,102.041,542.5746833333334,0.4452528179479891,0.026020132206123897
87,0.114,0.198,-14.357,0.0313,0.818,0.917,0.108,0.0378,89.535,549.1318,3.5055167791213457,0.054924379571914705
88,0.204,0.421,-11.806,0.0317,0.407,0.75,0.162,0.117,117.34,556.0831333333333,1.8247678348521765,-0.6535325277562212
89,0.0874,0.042,-22.988,0.0396,0.915,0.179,0.0965,0.0325,85.018,563.8857166666667,3.9444642946100603,0.8029211921865551
90,0.2,0.466,-12.298,0.0486,0.557,0.702,0.108,0.0572,136.913,573.9998833333333,1.908286713052895,-0.8194972314766
91,0.0922,0.145,-22.38,0.0426,0.408,0.926,0.239,0.0325,76.464,579.89935,3.8418936381324,0.6003072180437831
92,0.375,0.234,-13.507,0.0325,0.936,0.89,0.141,0.0368,98.063,586.0289,2.835789732393868,0.23010115730041
93,0.312,0.543,-9.875,0.0308,0.0356,0.225,0.128,0.178,140.109,590.5291166666667,0.1361458941176919,-1.381333245449004
94,0.502,0.177,-13.143,0.0434,0.89,0.0,0.19,0.283,66.605,592.7691166666667,1.348673785798745,1.4676084912865073
95,0.514,0.403,-9.377,0.0429,0.481,0.0,0.11,0.464,132.683,596.1073333333334,-0.24172500321318938,-0.4112792704975606
96,0.635,0.278,-12.551,0.203,0.797,1.85e-06,0.0672,0.626,133.517,601.19845,-0.38009163697882176,1.8125341055230657
97,0.452,0.164,-13.214,0.0963,0.581,0.0,0.287,0.355,85.161,605.1602333333333,0.7101148606332771,1.847083385849413
98,0.223,0.414,-11.666,0.0359,0.431,0.0595,0.0876,0.146,117.87,609.3042333333333,1.099086311981968,-0.5771224130934542
0,0.329,0.154,-10.901,0.0367,0.785,0.0,0.0865,0.328,122.191,3.1173333333333333,0.11599258721726141,0.03852406775200246
1,0.324,0.472,-7.756,0.0434,0.54,0.0371,0.214,0.184,109.014,7.84955,0.11448926662162771,-0.7756965677150176
2,0.354,0.31,-8.196,0.0378,0.59,0.0,0.109,0.284,130.562,12.042216666666667,0.4075981442689064,2.3350490683200094
3,0.288,0.513,-7.717,0.0354,0.709,1.13e-06,0.0886,0.153,132.219,16.827766666666665,1.5177083880006692,0.3987623801274903
4,0.519,0.731,-6.702,0.027,0.000305,0.00189,0.441,0.392,130.196,19.782216666666667,1.179329234927643,0.10312521946968209
5,0.204,0.072,-13.943,0.0373,0.836,0.000348,0.282,0.0794,67.045,23.068,-0.3331678972070263,0.48871295642150875
6,0.271,0.318,-9.464,0.0357,0.535,4.98e-05,0.109,0.231,133.147,26.714216666666665,0.6550368588275518,-0.40382576450334506
7,0.519,0.993,-5.426,0.0466,2.02e-05,0.0934,0.845,0.846,140.094,30.170883333333332,0.39344124880396664,1.1867945090434853
8,0.76,0.801,-3.769,0.0534,0.0144,1.49e-05,0.665,0.653,109.919,34.585766666666665,-0.057400438215025176,1.045360287611815
9,0.406,0.359,-6.145,0.0293,0.685,3.67e-06,0.122,0.202,109.246,40.06731666666666,3.4597562661702916,-0.6406471811391826
10,0.451,0.34,-7.466,0.031,0.763,2.49e-06,0.135,0.221,110.502,44.75176666666667,4.026067102885446,1.2320452738956997
11,0.625,0.356,-9.044,0.0319,0.392,0.00129,0.1,0.325,114.805,48.07176666666667,0.42662576582399514,-1.4147251935231835
12,0.553,0.502,-5.972,0.0409,0.299,0.0,0.764,0.296,129.976,51.5751,0.14251782875769073,-1.665167914212549
13,0.572,0.385,-6.362,0.0308,0.371,0.0,0.231,0.323,95.799,55.17065,2.4482559331596674,0.24125372422052885
14,0.276,0.405,-7.296,0.0329,0.758,0.0,0.706,0.335,76.18,58.16665,1.25494070154005,-1.1340748629166264
15,0.176,0.0465,-14.545,0.0401,0.923,0.992,0.0493,0.216,89.818,58.93776666666667,-0.9273147315991948,-1.0715543973216592
16,0.564,0.0136,-24.79,0.0349,0.975,0.0168,0.111,0.397,93.205,61.653983333333336,-0.9264490773523698,-0.9976282825164832
17,0.408,0.27,-11.568,0.0438,0.661,0.829,0.516,0.14,127.15,69.31176666666667,0.4582697336999413,-0.9240472079794819
18,0.344,0.157,-11.773,0.0457,0.756,0.0,0.351,0.313,57.86,73.11621666666667,1.9741348348270646,-0.4504928923572002
19,0.492,0.116,-15.15,0.0379,0.899,1.93e-06,0.0889,0.434,111.787,75.61133333333333,1.2426702224556114,-0.4757531552427191
20,0.248,0.142,-15.443,0.0379,0.92,0.733,0.548,0.0439,128.841,79.89933333333333,0.4504457816374388,-1.1737627469951273
21,0.585,0.0809,-19.346,0.0523,0.954,0.0233,0.0935,0.204,98.379,81.75333333333333,1.847381901836084,0.23957697918816342
22,0.364,0.478,-8.645,0.0473,0.299,0.0015,0.124,0.493,134.551,85.69511666666666,3.9724879486636233,0.6306783843904231
23,0.588,0.742,-6.757,0.0528,0.0162,3.98e-06,0.653,0.824,125.819,89.498,2.4047444721328675,-0.5211490140091068
24,0.122,0.0822,-18.963,0.0379,0.891,0.00631,0.0893,0.0789,87.438,91.77221666666667,3.209296261325316,0.24609336124814035
25,0.284,0.12,-20.534,0.0389,0.843,7.6e-06,0.139,0.195,125.208,93.762,2.28119543362441,0.5233295663209285
26,0.295,0.41,-12.014,0.0443,0.000596,0.0276,0.101,0.312,121.398,96.54645,0.6271273699913125,-1.6386881583648842
27,0.302,0.11,-19.595,0.0486,0.672,0.0,0.362,0.0666,107.384,109.35711666666667,2.3287002830477967,-0.17570125525811248
28,0.286,0.15,-18.607,0.042,0.771,0.0,0.671,0.103,127.714,117.37311666666666,2.964017600305104,-0.4626742628856011
29,0.263,0.319,-16.357,0.0465,0.61,0.0,0.217,0.355,74.439,122.89866666666667,2.578910826836933,-0.370727934619297
30,0.194,0.119,-20.926,0.0398,0.854,0.000737,0.109,0.14,85.698,127.80133333333333,0.11792871510083919,-0.5627878406978525
31,0.267,0.268,-17.37,0.0431,0.914,0.0,0.163,0.405,103.296,131.29688333333334,-0.7858985025245873,-0.7108000169270948
32,0.169,0.0722,-19.226,0.0393,0.844,2.47e-05,0.114,0.113,46.168,136.99733333333333,1.6740665091640565,-0.003774406856464713
33,0.296,0.0401,-24.383,0.0431,0.954,0.0,0.134,0.288,101.583,139.72511666666668,0.8271289373195921,-0.8605085042469771
34,0.444,0.608,-12.175,0.0532,0.168,3.36e-06,0.118,0.354,119.985,143.32733333333334,0.44618377843047063,0.25420234043372214
35,0.166,0.288,-12.45,0.0389,0.917,1.89e-05,0.0889,0.0748,174.166,146.32466666666667,0.47568927051576426,-0.888027334164574
36,0.272,0.0608,-20.445,0.0506,0.951,0.0,0.112,0.117,78.6,154.73378333333332,1.193740754091046,-1.0507870075357957
37,0.323,0.149,-13.906,0.0339,0.898,4.2e-06,0.099,0.0788,105.033,160.32933333333332,1.6546392488759216,-1.501763571252683
38,0.349,0.101,-20.304,0.0387,0.943,0.0,0.0798,0.306,100.857,164.00978333333333,1.097312116567759,-0.7608312876586824
39,0.492,0.116,-15.15,0.0379,0.899,1.93e-06,0.0888,0.434,111.787,166.50511666666668,1.4241031354696285,-1.0870555621639226
40,0.645,0.855,-5.63,0.0356,0.0906,0.0,0.114,0.649,147.007,169.31845,1.5767443706926172,-1.5001219694128969
41,0.485,0.675,-7.774,0.089,0.746,0.0,0.148,0.695,86.212,169.8029,3.2608632058374765,0.004829075483287856
42,0.353,0.0692,-21.416,0.0419,0.98,0.0,0.153,0.292,127.42,171.30335,1.1959370076600115,-0.4484033378269677
43,0.199,0.17,-16.443,0.0363,0.915,4.48e-06,0.361,0.0958,156.558,174.93268333333333,1.5406692030659277,-1.1147963920176123
44,0.328,0.384,-10.323,0.0379,0.886,0.0,0.143,0.504,76.744,176.98535,1.6728997598785253,-0.5805664320328487
45,0.264,0.265,-11.901,0.033,0.832,0.0,0.0738,0.307,86.193,180.68423333333334,-1.0683046275596557,-0.1060477071293103
46,0.338,0.119,-15.714,0.0632,0.883,0.0,0.148,0.205,71.842,183.86868333333334,2.52437498804573,2.786110421349405
47,0.397,0.091,-18.513,0.108,0.935,0.0,0.0881,0.207,75.556,188.14823333333334,-0.10337170966047082,-0.40790618851575405
48,0.453,0.242,-13.384,0.243,0.843,0.0,0.723,0.574,166.951,192.9569,0.26170095435684093,-0.46741029380666976
49,0.256,0.0739,-17.227,0.0471,0.937,1.93e-05,0.0907,0.146,87.502,197.58245,1.4345393146215424,-0.4838442667355964
50,0.425,0.278,-14.544,0.0872,0.803,0.0,0.243,0.239,142.907,200.89423333333335,1.4718287882030412,-0.1446532894651697
51,0.274,0.0742,-17.234,0.0456,0.94,2.37e-05,0.0869,0.15,93.48,205.51978333333332,3.288228760224456,1.5289616049926171
52,0.385,0.393,-10.326,0.0385,0.891,0.0,0.104,0.541,78.843,207.57245,4.233544127059278,-0.007122768639130502
53,0.284,0.704,-7.276,0.186,0.00583,0.000115,0.0424,0.1,191.702,211.48423333333332,0.6279046257734884,-1.6456506161697613
54,0.376,0.269,-11.951,0.0315,0.845,0.0,0.0795,0.289,86.022,215.18311666666668,3.613388263344251,-0.9555561901066274
55,0.601,0.34,-12.092,0.363,0.393,0.0,0.456,0.654,125.309,222.562,4.73372864097632,0.7328528312338386
56,0.679,0.934,-10.949,0.0477,0.0542,3e-05,0.177,0.851,118.092,226.23645,0.23183150128991611,-0.9029690169785876
57,0.791,0.805,-10.202,0.0464,0.16,0.0583,0.0563,0.882,122.219,230.48823333333334,2.7764231435441986,1.6824386455861247
58,0.64,0.852,-8.119,0.0345,0.0243,1.82e-06,0.0497,0.793,122.902,234.5969,0.6071393101492304,-0.9465854897440295
59,0.661,0.552,-12.385,0.0337,0.214,0.0,0.206,0.928,92.056,238.80956666666665,-1.0683046275596557,-0.1060477071293103
60,0.817,0.599,-9.249,0.0328,0.132,0.000311,0.0873,0.548,108.873,242.90356666666668,2.953274356404558,0.29134321453149725
61,0.671,0.373,-18.064,0.0323,0.257,8.01e-05,0.0481,0.732,92.718,247.83511666666666,-0.9264490773523698,-0.9976282825164832
62,0.315,0.889,-8.192,0.041,0.000376,0.00241,0.133,0.961,181.329,252.6429,3.1297630745421143,0.64840222821568
63,0.643,0.801,-4.921,0.0228,0.0298,0.0,0.0719,0.534,95.988,257.14845,-1.5695049395276672,0.3492882471443783
64,0.636,0.467,-10.1,0.0421,0.0915,1.7e-06,0.117,0.58,96.639,261.00623333333334,0.05304992832333138,-1.115965997606792
65,0.7,0.73,-8.763,0.0311,0.132,0.0,0.133,0.961,130.519,266.2740166666667,-2.501801982939018,-0.6642921969100213
66,0.666,0.855,-5.051,0.0295,0.179,1.2e-06,0.0987,0.803,125.639,270.7478,4.01970332578517,0.7299577150034507
67,0.572,0.654,-7.027,0.0344,0.0058,3.21e-06,0.09,0.399,122.491,274.69868333333335,1.5479012895302826,2.6989800882576986
68,0.766,0.772,-9.362,0.0353,0.403,0.0584,0.183,0.919,128.168,278.3802333333333,1.5616992091853892,-1.548157312693592
69,0.685,0.37,-14.211,0.033,0.0386,0.0,0.335,0.529,116.591,282.15135,3.10876218503042,0.2252658699203235
70,0.599,0.622,-13.971,0.0296,0.359,0.00235,0.114,0.851,122.312,285.68756666666667,3.4398008915424088,0.716068173379634
71,0.709,0.824,-8.824,0.0453,0.207,0.000307,0.0888,0.867,118.818,290.54245,1.1969662172281246,-0.45379215623076846
72,0.454,0.91,-7.766,0.0448,0.0866,0.0996,0.116,0.629,125.116,296.4511166666667,1.7678764085585565,-0.7487020457822118
73,0.776,0.743,-6.807,0.0289,0.107,0.293,0.149,0.84,131.343,301.282,1.142808279876673,-1.571860770854075
74,0.605,0.785,-7.961,0.0257,0.0303,4.14e-06,0.288,0.628,113.803,304.84845,0.8063411882236573,-1.9055478690167595
75,0.533,0.783,-10.61,0.0366,0.0116,0.0565,0.186,0.726,124.874,308.7635666666667,3.3220046471629248,0.6274924162591338
76,0.532,0.729,-6.84,0.0474,0.382,0.0,0.366,0.595,121.97,312.83911666666665,3.1000101572105767,0.3983407229252368
77,0.701,0.944,-2.986,0.0455,0.0755,0.0,0.601,0.792,128.993,316.1342333333333,0.1834589658300433,-0.3470823530182644
78,0.59,0.868,-5.832,0.048,0.0962,0.000322,0.442,0.798,184.348,319.9782333333333,3.1631988130479565,-0.16943348096726063
79,0.731,0.738,-8.125,0.0377,0.184,0.0,0.214,0.958,117.656,323.9269,3.1353312948601544,-0.06380340594340812
80,0.573,0.902,-7.638,0.054,0.018,0.00125,0.0928,0.876,84.412,327.68156666666664,0.4669210336966833,-0.1271937058547438
81,0.512,0.93,-4.343,0.0508,0.17,0.00119,0.561,0.677,100.542,331.5331166666667,1.2971562485028987,2.038871616124249
82,0.611,0.846,-5.9,0.0436,0.00509,0.0,0.0784,0.751,103.912,334.24845,1.5418502450669955,-1.0968238129332901
83,0.241,0.468,-9.579,0.0272,0.534,0.0,0.161,0.451,91.581,336.1269,2.2735258815142894,-0.19138898439568197
84,0.523,0.769,-5.855,0.0269,0.04,0.0,0.136,0.876,136.162,340.20335,2.262400713078681,0.5265970203521876
85,0.708,0.67,-7.619,0.226,0.666,0.0,0.26,0.812,87.327,344.93446666666665,0.7190082170842012,-1.2887791172826266
86,0.705,0.666,-5.338,0.132,0.288,0.0,0.0804,0.944,171.503,348.86601666666667,0.4452528179479891,0.026020132206123897
87,0.643,0.576,-6.896,0.0303,0.0267,0.0,0.273,0.699,97.022,354.0726833333333,3.5055167791213457,0.054924379571914705
88,0.745,0.924,-3.898,0.0355,0.201,5.01e-05,0.121,0.909,103.033,358.02913333333333,1.8247678348521765,-0.6535325277562212
89,0.76,0.773,-5.314,0.0675,0.176,0.0,0.1,0.895,102.789,362.4651333333333,3.9444642946100603,0.8029211921865551
90,0.399,0.787,-2.88,0.0499,0.0197,6.07e-05,0.0685,0.572,117.089,366.06713333333335,1.908286713052895,-0.8194972314766
91,0.353,0.446,-6.044,0.0285,0.95,1.35e-05,0.132,0.211,155.476,370.2338,3.8418936381324,0.6003072180437831
92,0.604,0.366,-7.519,0.0282,0.578,0.0,0.133,0.13,141.981,373.9787166666667,2.835789732393868,0.23010115730041
93,0.612,0.749,-5.014,0.0446,0.615,0.0,0.167,0.574,120.052,377.69983333333334,0.1361458941176919,-1.381333245449004
94,0.509,0.637,-4.83,0.0471,0.0717,1.08e-05,0.0789,0.378,172.006,381.4331666666667,1.348673785798745,1.4676084912865073
95,0.578,0.43,-6.134,0.0305,0.33,0.0,0.0854,0.288,78.991,386.3582,-0.24172500321318938,-0.4112792704975606
96,0.591,0.28,-5.494,0.0283,0.889,0.0,0.124,0.348,141.916,390.8882,-0.38009163697882176,1.8125341055230657
97,0.528,0.468,-5.306,0.0287,0.295,0.0,0.165,0.185,154.974,396.6919833333333,0.7101148606332771,1.847083385849413
98,0.376,0.595,-5.936,0.0496,0.303,0.0,0.095,0.265,144.361,401.5403166666667,1.099086311981968,-0.5771224130934542
99,0.644,0.4,-5.713,0.0304,0.214,0.0,0.0866,0.227,115.025,405.59365,1.2936247345064247,-0.01816260740567591
0,0.73,0.769,-5.114,0.0298,0.138,0.0,0.0473,0.507,104.948,3.80155,0.11599258721726141,0.03852406775200246
1,0.603,0.67,-3.882,0.0249,0.00408,1.68e-06,0.112,0.446,107.993,7.851116666666667,0.11448926662162771,-0.7756965677150176
2,0.556,0.319,-8.251,0.0281,0.893,0.0,0.0996,0.294,135.187,12.605116666666667,0.4075981442689064,2.3350490683200094
3,0.671,0.817,-12.107,0.0569,0.415,0.000235,0.0715,0.938,119.549,15.994,1.5177083880006692,0.3987623801274903
4,0.627,0.801,-11.433,0.0487,0.609,7.32e-06,0.373,0.926,116.102,19.636,1.179329234927643,0.10312521946968209
5,0.563,0.674,-4.554,0.048,0.247,0.00226,0.107,0.784,179.977,23.09155,-0.3331678972070263,0.48871295642150875
6,0.374,0.727,-4.352,0.0309,0.237,0.0,0.134,0.283,155.127,27.375333333333334,0.6550368588275518,-0.40382576450334506
7,0.642,0.442,-9.115,0.074,0.491,1.58e-06,0.102,0.465,148.01,31.238216666666666,0.39344124880396664,1.1867945090434853
8,0.324,0.779,-5.281,0.0361,0.173,0.00277,0.678,0.554,81.842,35.686883333333334,-0.057400438215025176,1.045360287611815
9,0.82,0.452,-9.796,0.0348,0.543,0.00294,0.0714,0.74,117.401,39.91888333333333,3.4597562661702916,-0.6406471811391826
10,0.542,0.665,-8.121,0.0297,0.522,0.0,0.177,0.417,147.977,44.466,4.026067102885446,1.2320452738956997
11,0.682,0.623,-4.495,0.0617,0.649,0.0,0.141,0.476,93.857,48.349783333333335,0.42662576582399514,-1.4147251935231835
12,0.836,0.637,-4.803,0.0367,0.535,0.0,0.129,0.875,120.025,52.187783333333336,0.14251782875769073,-1.665167914212549
13,0.646,0.307,-11.536,0.181,0.87,1.11e-05,0.355,0.699,148.038,56.7309,2.4482559331596674,0.24125372422052885
14,0.648,0.727,-5.45,0.0361,0.178,0.0,0.335,0.839,169.941,60.48778333333333,1.25494070154005,-1.1340748629166264
15,0.665,0.573,-8.713,0.034,0.731,1.38e-05,0.696,0.339,119.948,63.47911666666667,-0.9273147315991948,-1.0715543973216592
16,0.672,0.589,-7.112,0.0276,0.00245,0.00587,0.114,0.474,137.988,67.08466666666666,-0.9264490773523698,-0.9976282825164832
17,0.542,0.74,-5.612,0.0304,0.396,0.0,0.873,0.398,102.076,71.33311666666667,0.4582697336999413,-0.9240472079794819
18,0.77,0.585,-8.06,0.0285,0.3,0.0,0.116,0.912,116.994,74.556,1.9741348348270646,-0.4504928923572002
19,0.5,0.385,-10.032,0.035,0.516,0.0213,0.214,0.39,89.899,79.406,1.2426702224556114,-0.4757531552427191
20,0.429,0.661,-7.227,0.0281,0.00239,0.000121,0.234,0.285,173.372,83.85221666666666,0.4504457816374388,-1.1737627469951273
21,0.585,0.0413,-19.447,0.0953,0.973,0.0,0.111,0.354,77.968,85.07971666666667,1.847381901836084,0.23957697918816342
22,0.424,0.74,-3.243,0.0347,0.171,0.0,0.273,0.585,169.914,88.23905,3.9724879486636233,0.6306783843904231
23,0.81,0.508,-9.062,0.0455,0.44,0.0,0.111,0.31,88.089,91.79126666666667,2.4047444721328675,-0.5211490140091068
24,0.783,0.685,-5.008,0.0271,0.627,3.49e-06,0.108,0.54,107.01,95.73015,3.209296261325316,0.24609336124814035
25,0.637,0.539,-7.364,0.0283,0.152,0.0,0.139,0.738,143.97,99.64681666666667,2.28119543362441,0.5233295663209285
26,0.223,0.459,-9.327,0.0317,0.123,0.00142,0.741,0.151,180.06,104.32015,0.6271273699913125,-1.6386881583648842
27,0.394,0.475,-7.935,0.028,0.0251,0.00749,0.112,0.441,129.995,108.9626,2.3287002830477967,-0.17570125525811248
28,0.641,0.593,-7.884,0.0264,0.46,0.0,0.169,0.437,119.828,113.64593333333333,2.964017600305104,-0.4626742628856011
29,0.602,0.398,-9.503,0.104,0.807,0.0,0.703,0.603,126.285,118.73126666666667,2.578910826836933,-0.370727934619297
30,0.4,0.541,-4.527,0.0274,0.557,2.13e-05,0.136,0.268,99.343,122.52438333333333,0.11792871510083919,-0.5627878406978525
31,0.839,0.403,-11.059,0.0308,0.5,1.81e-06,0.0786,0.575,97.967,126.76171666666667,-0.7858985025245873,-0.7108000169270948
32,0.401,0.499,-7.643,0.0272,0.217,0.0,0.149,0.262,144.276,129.82971666666666,1.6740665091640565,-0.003774406856464713
33,0.595,0.461,-7.786,0.0641,0.269,0.000149,0.123,0.338,91.976,133.04416666666665,0.8271289373195921,-0.8605085042469771
34,0.603,0.31,-10.843,0.0447,0.793,0.0,0.108,0.48,188.155,136.84838333333335,0.44618377843047063,0.25420234043372214
35,0.585,0.643,-8.392,0.0395,0.201,0.000306,0.144,0.592,152.98,140.54505,0.47568927051576426,-0.888027334164574
36,0.25,0.788,-7.263,0.0574,0.0444,0.919,0.0904,0.0344,129.733,143.14358333333334,1.193740754091046,-1.0507870075357957
37,0.399,0.692,-10.19,0.0735,0.0509,0.951,0.113,0.0752,170.993,145.95806666666667,1.6546392488759216,-1.501763571252683
38,0.307,0.701,-10.546,0.0658,0.0307,0.817,0.0953,0.0862,140.131,148.49503333333334,1.097312116567759,-0.7608312876586824
39,0.25,0.553,-8.188,0.0429,0.606,0.673,0.145,0.226,118.985,150.55103333333332,1.4241031354696285,-1.0870555621639226
40,0.443,0.827,-11.781,0.0469,0.00364,0.836,0.261,0.285,140.014,153.11303333333333,1.5767443706926172,-1.5001219694128969
41,0.43,0.829,-9.142,0.043,1.62e-05,0.879,0.358,0.0406,101.974,156.41015,3.2608632058374765,0.004829075483287856
42,0.478,0.906,-6.781,0.0419,0.0962,0.919,0.115,0.59,140.021,158.69168333333334,1.1959370076600115,-0.4484033378269677
43,0.167,0.653,-8.967,0.0496,0.331,0.96,0.117,0.193,78.48,162.8488,1.5406692030659277,-1.1147963920176123
44,0.528,0.965,-7.984,0.0465,0.141,0.985,0.0797,0.587,136.065,166.60701666666668,1.6728997598785253,-0.5805664320328487
45,0.634,0.97,-9.555,0.0568,0.0156,0.905,0.351,0.215,138.009,173.36856666666668,-1.0683046275596557,-0.1060477071293103
46,0.632,0.966,-1.562,0.0812,0.0121,0.000935,0.253,0.435,124.999,176.66456666666667,2.52437498804573,2.786110421349405
47,0.811,0.739,-7.196,0.0451,0.00606,8.07e-06,0.397,0.854,133.636,180.5679,-0.10337170966047082,-0.40790618851575405
48,0.529,0.843,-6.908,0.0616,0.0628,0.000827,0.0608,0.188,117.662,185.74011666666667,0.26170095435684093,-0.46741029380666976
49,0.787,0.615,-10.815,0.0975,0.0895,0.0101,0.0799,0.43,130.008,187.80518333333333,1.4345393146215424,-0.4838442667355964
50,0.723,0.87,-3.013,0.0435,0.035,0.0,0.656,0.678,129.952,191.28593333333333,1.4718287882030412,-0.1446532894651697
51,0.715,0.745,-9.084,0.0423,0.12,0.00115,0.206,0.566,124.01,194.92478333333332,3.288228760224456,1.5289616049926171
52,0.748,0.761,-6.621,0.102,0.122,6.56e-06,0.0984,0.362,116.041,197.92378333333335,4.233544127059278,-0.007122768639130502
53,0.766,0.873,-6.381,0.143,0.00627,0.0,0.0764,0.743,126.988,201.3009,0.6279046257734884,-1.6456506161697613
54,0.729,0.989,-4.613,0.049,0.0102,4.43e-05,0.443,0.841,126.468,207.18266666666668,3.613388263344251,-0.9555561901066274
55,0.681,0.893,-8.485,0.0378,6.47e-05,0.383,0.0626,0.951,130.475,211.26133333333334,4.73372864097632,0.7328528312338386
56,0.666,0.975,-3.47,0.0345,0.0135,0.000925,0.105,0.452,128.005,214.45113333333333,0.23183150128991611,-0.9029690169785876
57,0.858,0.417,-6.956,0.0499,0.0152,0.00527,0.119,0.486,127.994,216.88863333333333,2.7764231435441986,1.6824386455861247
58,0.582,0.921,-3.452,0.254,0.000917,0.000231,0.358,0.426,120.152,219.48863333333333,0.6071393101492304,-0.9465854897440295
59,0.527,0.835,-5.298,0.0433,0.0166,0.0,0.249,0.654,125.983,222.43293333333332,-1.0683046275596557,-0.1060477071293103
60,0.514,0.73,-5.934,0.0598,0.00146,9.54e-05,0.0897,0.334,171.005,225.76693333333333,2.953274356404558,0.29134321453149725
61,0.449,0.901,-7.711,0.0526,0.141,0.0675,0.128,0.696,125.148,231.70693333333332,-0.9264490773523698,-0.9976282825164832
62,0.573,0.902,-7.638,0.054,0.018,0.00125,0.0928,0.876,84.412,235.4616,3.1297630745421143,0.64840222821568
63,0.731,0.776,-7.599,0.0357,0.377,1.49e-06,0.178,0.975,100.112,238.69405,-1.5695049395276672,0.3492882471443783
64,0.678,0.968,-2.556,0.186,0.0145,0.000272,0.668,0.844,104.964,242.63426666666666,0.05304992832333138,-1.115965997606792
65,0.553,0.932,-4.683,0.122,0.431,0.0,0.752,0.672,135.572,246.71805,-2.501801982939018,-0.6642921969100213
66,0.492,0.76,-6.388,0.0312,0.0169,0.00087,0.201,0.642,166.018,250.45513333333332,4.01970332578517,0.7299577150034507
67,0.575,0.877,-4.946,0.0455,0.063,0.0,0.137,0.775,76.857,253.36513333333335,1.5479012895302826,2.6989800882576986
68,0.641,0.797,-6.536,0.0431,0.00357,3.25e-05,0.0279,0.655,94.884,258.56335,1.5616992091853892,-1.548157312693592
69,0.38,0.246,-13.955,0.0329,0.872,0.905,0.084,0.0573,133.805,262.47001666666665,3.10876218503042,0.2252658699203235
70,0.303,0.551,-8.745,0.042,0.347,0.608,0.112,0.159,149.94,265.71001666666666,3.4398008915424088,0.716068173379634
71,0.226,0.0214,-32.853,0.0382,0.978,0.925,0.139,0.0907,80.746,267.7766833333333,1.1969662172281246,-0.45379215623076846
72,0.329,0.211,-19.155,0.0551,0.958,0.748,0.0881,0.163,66.687,269.9119333333333,1.7678764085585565,-0.7487020457822118
73,0.195,0.0763,-19.308,0.0377,0.882,0.858,0.105,0.0392,85.568,273.87015,1.142808279876673,-1.571860770854075
74,0.128,0.132,-17.67,0.0353,0.744,0.942,0.107,0.0988,85.314,278.8966,0.8063411882236573,-1.9055478690167595
75,0.162,0.102,-23.315,0.036,0.932,0.9,0.17,0.0445,131.626,281.7243833333333,3.3220046471629248,0.6274924162591338
76,0.775,0.866,-3.598,0.0295,0.135,0.0376,0.152,0.875,131.338,286.64216666666664,3.1000101572105767,0.3983407229252368
77,0.452,0.524,-10.108,0.0351,0.315,0.0,0.103,0.246,151.505,291.84816666666666,0.1834589658300433,-0.3470823530182644
78,0.542,0.793,-8.203,0.053,0.0423,3.95e-06,0.0814,0.708,173.931,296.1235,3.1631988130479565,-0.16943348096726063
79,0.305,0.863,-2.248,0.0381,0.21,0.00238,0.371,0.126,150.463,303.5677166666667,3.1353312948601544,-0.06380340594340812
80,0.443,0.956,-6.198,0.0511,5.24e-05,0.821,0.135,0.909,146.751,307.0155,0.4669210336966833,-0.1271937058547438
81,0.563,0.383,-15.474,0.0305,0.144,0.116,0.138,0.596,93.751,310.4615,1.2971562485028987,2.038871616124249
82,0.686,0.877,-5.201,0.0373,0.00254,0.000977,0.0791,0.396,117.01,315.0308333333333,1.5418502450669955,-1.0968238129332901
83,0.137,0.313,-17.088,0.0386,0.487,0.918,0.111,0.131,97.365,317.03728333333333,2.2735258815142894,-0.19138898439568197
84,0.854,0.806,-8.262,0.0886,0.0209,0.0542,0.0703,0.637,124.927,319.66878333333335,2.262400713078681,0.5265970203521876
85,0.829,0.822,-5.909,0.238,0.0691,0.000363,0.551,0.552,122.057,324.81673333333333,0.7190082170842012,-1.2887791172826266
86,0.215,0.559,-15.129,0.0586,0.027,0.825,0.0861,0.0588,141.82,330.5958,0.4452528179479891,0.026020132206123897
87,0.272,0.346,-14.01,0.0317,0.926,0.931,0.0772,0.24,79.773,332.84158333333335,3.5055167791213457,0.054924379571914705
88,0.507,0.415,-12.832,0.0366,0.35,0.859,0.0806,0.375,83.635,335.4343,1.8247678348521765,-0.6535325277562212
89,0.46,0.387,-13.384,0.0311,0.934,0.279,0.48,0.513,72.376,337.41763333333336,3.9444642946100603,0.8029211921865551
90,0.136,0.164,-18.756,0.0364,0.911,0.916,0.109,0.071,58.303,340.19875,1.908286713052895,-0.8194972314766
91,0.378,0.288,-14.267,0.0327,0.97,0.938,0.0981,0.716,139.477,343.4544,3.8418936381324,0.6003072180437831
92,0.721,0.521,-8.123,0.0613,0.0708,0.00545,0.127,0.942,123.118,347.81128333333334,2.835789732393868,0.23010115730041
93,0.704,0.868,-5.808,0.0315,0.0834,0.0,0.206,0.808,131.468,350.94683333333336,0.1361458941176919,-1.381333245449004
94,0.758,0.612,-11.403,0.0598,0.281,0.00288,0.0954,0.822,106.945,353.7775,1.348673785798745,1.4676084912865073
95,0.601,0.794,-5.844,0.0671,0.00987,1.36e-06,0.418,0.244,114.066,357.3958166666667,-0.24172500321318938,-0.4112792704975606
96,0.71,0.658,-8.31,0.0285,0.0358,0.00913,0.147,0.929,100.017,360.47048333333333,-0.38009163697882176,1.8125341055230657
97,0.546,0.438,-4.748,0.0669,0.353,0.0,0.261,0.568,112.136,364.44843333333336,0.7101148606332771,1.847083385849413
98,0.501,0.809,-5.264,0.0938,0.0338,0.00602,0.119,0.258,149.964,368.6620833333333,1.099086311981968,-0.5771224130934542
99,0.591,0.0985,-7.394,0.0337,0.915,0.0,0.109,0.35,75.645,369.93106666666665,1.2936247345064247,-0.01816260740567591
0,0.38,0.18,-12.221,0.0418,0.916,1.83e-06,0.1,0.258,152.846,2.767333333333333,0.11599258721726141,0.03852406775200246
1,0.696,0.427,-9.934,0.12,0.574,0.0,0.29,0.456,81.994,7.418,0.11448926662162771,-0.7756965677150176
2,0.325,0.194,-10.634,0.0301,0.885,0.0,0.0841,0.317,79.457,11.097016666666667,0.4075981442689064,2.3350490683200094
3,0.687,0.56,-6.399,0.0364,0.133,7.45e-06,0.146,0.32,126.995,14.125266666666667,1.5177083880006692,0.3987623801274903
4,0.566,0.885,-4.528,0.0818,0.0958,9.97e-05,0.334,0.304,90.99,18.006816666666666,1.179329234927643,0.10312521946968209
5,0.397,0.499,-10.972,0.0685,0.0765,1.49e-06,0.111,0.367,171.067,23.463483333333333,-0.3331678972070263,0.48871295642150875
6,0.508,0.834,-6.205,0.0386,0.0183,0.0,0.0732,0.774,139.131,27.06436666666667,0.6550368588275518,-0.40382576450334506
7,0.604,0.787,-3.674,0.103,0.0679,0.15,0.127,0.301,126.062,31.148366666666668,0.39344124880396664,1.1867945090434853
8,0.578,0.866,-3.804,0.0619,0.00701,0.0,0.257,0.619,128.038,34.466366666666666,-0.057400438215025176,1.045360287611815
9,0.583,0.905,-6.132,0.0733,0.0984,0.00019,0.0593,0.646,173.982,38.24681666666667,3.4597562661702916,-0.6406471811391826
10,0.708,0.423,-15.775,0.0282,0.402,6.56e-06,0.209,0.586,114.537,41.5057,4.026067102885446,1.2320452738956997
11,0.795,0.931,-6.949,0.0716,0.169,5.56e-05,0.0851,0.971,96.953,45.7057,0.42662576582399514,-1.4147251935231835
12,0.149,0.206,-13.888,0.0323,0.822,0.000649,0.115,0.264,79.764,50.591033333333336,0.14251782875769073,-1.665167914212549
13,0.525,0.216,-13.551,0.0301,0.837,0.0,0.107,0.328,106.761,53.68125,2.4482559331596674,0.24125372422052885
14,0.606,0.457,-14.035,0.0497,0.713,2.53e-05,0.0747,0.813,92.033,57.74836666666667,1.25494070154005,-1.1340748629166264
15,0.471,0.0997,-23.512,0.0354,0.907,0.0209,0.116,0.502,137.964,59.084583333333335,-0.9273147315991948,-1.0715543973216592
16,0.556,0.535,-6.275,0.042,0.114,0.0,0.147,0.406,74.336,62.154583333333335,-0.9264490773523698,-0.9976282825164832
17,0.749,0.662,-7.585,0.0468,0.29,1.39e-05,0.355,0.74,126.998,66.1308,0.4582697336999413,-0.9240472079794819
18,0.572,0.899,-6.485,0.58,0.52,0.0,0.692,0.552,86.472,71.44835,1.9741348348270646,-0.4504928923572002
19,0.424,0.74,-4.895,0.0789,0.0801,0.0,0.159,0.711,174.156,74.42853333333333,1.2426702224556114,-0.4757531552427191
20,0.693,0.538,-8.009,0.0733,0.676,2.22e-06,0.243,0.561,168.763,78.94675,0.4504457816374388,-1.1737627469951273
21,0.555,0.275,-14.032,0.0653,0.759,0.0,0.104,0.592,163.431,83.99563333333333,1.847381901836084,0.23957697918816342
22,0.695,0.74,-6.97,0.0371,0.0155,0.0,0.143,0.455,122.051,86.70465,3.9724879486636233,0.6306783843904231
23,0.307,0.136,-12.474,0.0341,0.928,0.0122,0.109,0.166,110.01,89.44336666666666,2.4047444721328675,-0.5211490140091068
24,0.57,0.3,-4.747,0.0305,0.791,0.0,0.107,0.172,89.795,93.34851666666667,3.209296261325316,0.24609336124814035
25,0.865,0.436,-8.482,0.122,0.61,0.0015,0.356,0.403,110.043,96.3667,2.28119543362441,0.5233295663209285
26,0.476,0.244,-8.361,0.0997,0.915,0.0,0.0975,0.36,177.688,100.10381666666666,0.6271273699913125,-1.6386881583648842
27,0.436,0.359,-4.071,0.0312,0.755,0.0,0.104,0.226,89.273,104.02555,2.3287002830477967,-0.17570125525811248
28,0.445,0.0123,-25.606,0.0454,0.995,0.925,0.169,0.232,58.875,106.85,2.964017600305104,-0.4626742628856011
29,0.457,0.245,-9.852,0.0417,0.875,0.000286,0.11,0.315,168.503,109.87821666666666,2.578910826836933,-0.370727934619297
30,0.513,0.379,-9.679,0.0314,0.686,2.62e-05,0.417,0.509,135.756,112.55021666666667,0.11792871510083919,-0.5627878406978525
31,0.587,0.624,-4.657,0.025,0.161,0.000191,0.118,0.251,93.428,116.93043333333334,-0.7858985025245873,-0.7108000169270948
32,0.57,0.944,-10.126,0.0332,0.00204,0.00169,0.217,0.95,148.17,120.14821666666667,1.6740665091640565,-0.003774406856464713
33,0.748,0.856,-3.517,0.0348,0.0824,0.0,0.142,0.927,123.031,123.30355,0.8271289373195921,-0.8605085042469771
34,0.781,0.645,-4.136,0.0399,0.0903,1.58e-06,0.226,0.803,128.007,126.7591,0.44618377843047063,0.25420234043372214
35,0.109,0.122,-12.623,0.0413,0.99,0.905,0.0745,0.054,71.426,130.47421666666668,0.47568927051576426,-0.888027334164574
36,0.56,0.45,-12.678,0.0357,0.716,0.891,0.0748,0.171,133.097,131.44133333333335,1.193740754091046,-1.0507870075357957
37,0.276,0.363,-14.583,0.0366,0.514,0.983,0.131,0.341,160.16,132.53,1.6546392488759216,-1.501763571252683
38,0.557,0.401,-10.883,0.0272,0.597,0.0,0.131,0.654,94.107,133.83175,1.097312116567759,-0.7608312876586824
39,0.587,0.372,-16.908,0.0317,0.731,0.97,0.165,0.366,123.979,135.40708333333333,1.4241031354696285,-1.0870555621639226
40,0.461,0.0777,-19.616,0.0373,0.916,0.826,0.237,0.146,110.02,140.11553333333333,1.5767443706926172,-1.5001219694128969
41,0.53,0.422,-6.262,0.0342,0.407,0.0,0.107,0.349,119.964,143.80486666666667,3.2608632058374765,0.004829075483287856
42,0.243,0.129,-15.512,0.0413,0.947,0.73,0.122,0.145,99.301,147.70106666666666,1.1959370076600115,-0.4484033378269677
43,0.491,0.588,-6.177,0.0506,0.0281,2.01e-06,0.0906,0.193,113.608,152.1944,1.5406692030659277,-1.1147963920176123
44,0.426,0.128,-11.813,0.0392,0.711,0.00297,0.185,0.207,148.952,157.04795,1.6728997598785253,-0.5805664320328487
45,0.516,0.595,-4.63,0.0313,0.0275,0.0,0.109,0.222,119.972,162.7264,-1.0683046275596557,-0.1060477071293103
46,0.534,0.251,-11.58,0.0351,0.881,0.596,0.143,0.298,113.983,165.38396666666668,2.52437498804573,2.786110421349405
47,0.243,0.11,-20.122,0.0441,0.508,0.894,0.142,0.0386,83.265,168.17746666666667,-0.10337170966047082,-0.40790618851575405
48,0.66,0.831,-8.195,0.0557,0.204,0.0,0.736,0.43,105.32,172.3308,0.26170095435684093,-0.46741029380666976
49,0.674,0.857,-5.328,0.0346,0.0557,0.196,0.0942,0.278,117.028,177.09503333333333,1.4345393146215424,-0.4838442667355964
50,0.564,0.71,-4.92,0.0461,0.00125,0.0,0.109,0.393,91.972,180.84748333333334,1.4718287882030412,-0.1446532894651697
51,0.423,0.279,-9.255,0.0332,0.835,0.476,0.119,0.535,92.504,182.78365,3.288228760224456,1.5289616049926171
52,0.742,0.883,-3.419,0.0329,0.333,7.51e-06,0.0964,0.978,136.506,186.78831666666667,4.233544127059278,-0.007122768639130502
53,0.588,0.155,-20.621,0.0321,0.633,0.694,0.0748,0.404,136.482,190.86065,0.6279046257734884,-1.6456506161697613
54,0.407,0.196,-12.248,0.0338,0.464,0.000772,0.237,0.325,140.316,194.3711,3.613388263344251,-0.9555561901066274
55,0.251,0.15,-15.076,0.0342,0.989,0.972,0.113,0.0727,70.453,197.68176666666668,4.73372864097632,0.7328528312338386
56,0.568,0.272,-12.719,0.0321,0.991,0.891,0.0916,0.29,116.978,202.34576666666666,0.23183150128991611,-0.9029690169785876
57,0.238,0.0815,-22.5,0.045,0.983,4.01e-05,0.279,0.0414,128.52,206.07021666666665,2.7764231435441986,1.6824386455861247
58,0.602,0.189,-10.708,0.0343,0.978,0.0152,0.102,0.247,101.241,211.0313,0.6071393101492304,-0.9465854897440295
59,0.336,0.044,-29.255,0.0456,0.982,0.96,0.221,0.0666,90.243,213.90536666666668,-1.0683046275596557,-0.1060477071293103
60,0.659,0.298,-9.051,0.051,0.971,0.000474,0.123,0.493,129.491,216.65595,2.953274356404558,0.29134321453149725
61,0.804,0.631,-12.845,0.044,0.00522,0.923,0.0916,0.588,126.018,218.68828333333335,-0.9264490773523698,-0.9976282825164832
62,0.65,0.715,-5.198,0.253,0.0993,0.000291,0.126,0.187,106.672,222.75023333333334,3.1297630745421143,0.64840222821568
63,0.486,0.474,-14.613,0.0443,0.153,0.574,0.177,0.189,110.022,226.76615,-1.5695049395276672,0.3492882471443783
64,0.45,0.833,-8.934,0.105,0.292,0.283,0.378,0.552,145.826,230.2644,0.05304992832333138,-1.115965997606792
65,0.795,0.623,-5.375,0.0461,0.565,1.09e-05,0.062,0.96,93.03,233.69461666666666,-2.501801982939018,-0.6642921969100213
66,0.31,0.202,-14.382,0.0436,0.771,0.000291,0.126,0.0432,125.382,237.16391666666667,4.01970332578517,0.7299577150034507
67,0.721,0.738,-4.77,0.0403,0.00226,4.41e-06,0.118,0.637,119.976,239.74696666666668,1.5479012895302826,2.6989800882576986
68,0.314,0.245,-12.364,0.0475,0.917,0.00248,0.102,0.156,183.846,245.22096666666667,1.5616992091853892,-1.548157312693592
69,0.451,0.749,-8.467,0.375,0.507,0.0801,0.157,0.463,170.991,247.84195,3.10876218503042,0.2252658699203235
70,0.521,0.328,-11.523,0.033,0.9,2.98e-05,0.103,0.507,87.303,250.98203333333333,3.4398008915424088,0.716068173379634
71,0.711,0.231,-13.033,0.0346,0.832,0.00115,0.105,0.186,125.062,255.28158333333334,1.1969662172281246,-0.45379215623076846
72,0.501,0.405,-5.679,0.0319,0.751,0.0,0.105,0.446,109.891,258.3176,1.7678764085585565,-0.7487020457822118
73,0.671,0.298,-10.294,0.0417,0.738,0.0,0.169,0.48,146.947,261.6366,1.142808279876673,-1.571860770854075
74,0.435,0.385,-8.006,0.0293,0.851,4.11e-06,0.27,0.494,142.671,264.9017166666667,0.8063411882236573,-1.9055478690167595
75,0.549,0.238,-6.203,0.029,0.967,0.0,0.121,0.339,141.231,268.2464,3.3220046471629248,0.6274924162591338
76,0.703,0.842,-4.173,0.0687,0.0872,8.22e-06,0.0599,0.715,114.029,271.8554,3.1000101572105767,0.3983407229252368
77,0.532,0.328,-6.162,0.039,0.865,0.0,0.146,0.355,72.635,275.0763333333333,0.1834589658300433,-0.3470823530182644
78,0.588,0.452,-4.75,0.0268,0.437,0.0,0.344,0.734,139.953,278.17171666666667,3.1631988130479565,-0.16943348096726063
79,0.56,0.473,-7.23,0.0533,0.618,0.0,0.31,0.441,109.414,281.09413333333333,3.1353312948601544,-0.06380340594340812
80,0.816,0.875,-4.821,0.0311,0.203,0.0,0.209,0.491,131.958,284.3668666666667,0.4669210336966833,-0.1271937058547438
81,0.547,0.262,-6.592,0.0363,0.856,2.8e-06,0.0955,0.264,115.266,288.31065,1.2971562485028987,2.038871616124249
82,0.33,0.554,-6.528,0.0547,0.0942,0.0,0.0847,0.235,169.112,291.8598166666667,1.5418502450669955,-1.0968238129332901
83,0.619,0.452,-4.35,0.0279,0.567,0.0,0.104,0.153,110.014,295.2164833333333,2.2735258815142894,-0.19138898439568197
84,0.396,0.127,-14.169,0.0339,0.978,1.4e-06,0.117,0.276,75.04,299.03336666666667,2.262400713078681,0.5265970203521876
85,0.635,0.392,-9.46,0.0242,0.609,7.8e-05,0.0745,0.455,102.02,303.0358166666667,0.7190082170842012,-1.2887791172826266
86,0.289,0.423,-7.269,0.029,0.804,0.0,0.251,0.472,205.104,307.4087,0.4452528179479891,0.026020132206123897
87,0.699,0.877,-4.788,0.0374,0.0767,0.0,0.386,0.493,107.023,311.43336666666664,3.5055167791213457,0.054924379571914705
88,0.427,0.377,-8.136,0.0334,0.682,0.0,0.105,0.245,125.081,316.39891666666665,1.8247678348521765,-0.6535325277562212
89,0.463,0.489,-7.968,0.0288,0.507,0.0,0.165,0.249,140.034,320.24713333333335,3.9444642946100603,0.8029211921865551
90,0.701,0.686,-5.437,0.0294,0.102,0.0,0.295,0.868,119.908,324.1538,1.908286713052895,-0.8194972314766
91,0.551,0.951,-3.395,0.0717,0.0242,2.91e-06,0.156,0.509,99.992,328.22425,3.8418936381324,0.6003072180437831
92,0.746,0.848,-4.638,0.0331,0.15,2.18e-06,0.37,0.756,138.047,331.80603333333335,2.835789732393868,0.23010115730041
93,0.513,0.426,-9.874,0.0462,0.881,0.512,0.128,0.471,120.129,336.87351666666666,0.1361458941176919,-1.381333245449004
94,0.657,0.421,-10.852,0.0924,0.644,0.0,0.105,0.545,155.954,341.42906666666664,1.348673785798745,1.4676084912865073
95,0.382,0.354,-6.595,0.0289,0.858,3.11e-06,0.168,0.435,87.018,343.8004,-0.24172500321318938,-0.4112792704975606
96,0.212,0.301,-12.505,0.0384,0.963,0.0033,0.13,0.0798,84.025,346.75595,-0.38009163697882176,1.8125341055230657
97,0.305,0.46,-9.463,0.0295,0.00468,0.38,0.0777,0.41,128.414,349.5781666666667,0.7101148606332771,1.847083385849413
98,0.711,0.522,-7.97,0.0344,0.18,4.25e-05,0.109,0.413,97.019,353.31713333333335,1.099086311981968,-0.5771224130934542
99,0.616,0.454,-8.504,0.0273,0.767,3.48e-05,0.105,0.249,99.998,357.0811166666667,1.2936247345064247,-0.01816260740567591
0,0.635,0.373,-8.727,0.0312,0.111,0.0,0.287,0.251,119.841,4.829383333333333,0.11599258721726141,0.03852406775200246
1,0.737,0.627,-9.631,0.0911,0.0188,0.00305,0.23,0.598,115.086,8.437566666666667,0.11448926662162771,-0.7756965677150176
2,0.4,0.525,-11.294,0.0435,0.887,0.00543,0.117,0.408,146.977,12.65445,0.4075981442689064,2.3350490683200094
3,0.35,0.12,-11.104,0.0393,0.982,0.000289,0.103,0.121,68.995,16.02445,1.5177083880006692,0.3987623801274903
4,0.208,0.413,-9.643,0.0312,0.162,0.0,0.297,0.113,103.071,18.30225,1.179329234927643,0.10312521946968209
5,0.507,0.294,-10.0,0.04,0.896,1.97e-05,0.0966,0.386,114.199,22.40165,-0.3331678972070263,0.48871295642150875
6,0.53,0.26,-12.218,0.0357,0.673,1.2e-05,0.116,0.805,117.861,24.8921,0.6550368588275518,-0.40382576450334506
7,0.474,0.218,-14.497,0.0407,0.838,0.0,0.338,0.268,157.723,27.35943333333333,0.39344124880396664,1.1867945090434853
8,0.634,0.649,-6.056,0.0255,0.138,0.0,0.288,0.491,111.03,30.782983333333334,-0.057400438215025176,1.045360287611815
9,0.726,0.55,-9.676,0.0445,0.432,0.0,0.155,0.84,102.021,34.39031666666666,3.4597562661702916,-0.6406471811391826
10,0.694,0.935,-3.215,0.105,0.359,0.0,0.0324,0.797,92.478,37.69965,4.026067102885446,1.2320452738956997
11,0.713,0.768,-9.115,0.0662,0.229,0.0,0.447,0.962,88.012,40.87676666666667,0.42662576582399514,-1.4147251935231835
12,0.672,0.52,-7.747,0.0353,0.859,0.0,0.115,0.37,120.001,44.65343333333333,0.14251782875769073,-1.665167914212549
13,0.405,0.751,-3.608,0.0392,0.377,0.0,0.0958,0.762,120.807,48.08188333333333,2.4482559331596674,0.24125372422052885
14,0.752,0.54,-8.986,0.0768,0.561,0.000155,0.0919,0.882,114.217,50.960766666666665,1.25494070154005,-1.1340748629166264
15,0.445,0.44,-6.506,0.0403,0.898,0.0,0.111,0.215,82.261,54.536233333333335,-0.9273147315991948,-1.0715543973216592
16,0.708,0.794,-5.565,0.0272,0.0444,0.0,0.143,0.626,121.995,58.25601666666667,-0.9264490773523698,-0.9976282825164832
17,0.423,0.543,-6.948,0.0296,0.684,0.0,0.101,0.146,74.151,61.83875,0.4582697336999413,-0.9240472079794819
18,0.782,0.82,-5.243,0.0516,0.218,0.0,0.0614,0.926,127.02,66.75556666666667,1.9741348348270646,-0.4504928923572002
19,0.659,0.428,-8.154,0.0466,0.612,0.0,0.119,0.187,125.061,70.3949,1.2426702224556114,-0.4757531552427191
20,0.539,0.37,-8.167,0.0309,0.62,0.0239,0.1,0.202,135.985,74.50711666666666,0.4504457816374388,-1.1737627469951273
21,0.441,0.69,-10.357,0.04,0.139,0.0445,0.128,0.37,132.944,77.37548333333334,1.847381901836084,0.23957697918816342
22,0.529,0.529,-9.095,0.103,0.515,3.43e-06,0.167,0.425,164.214,80.26005,3.9724879486636233,0.6306783843904231
23,0.685,0.585,-8.806,0.0316,0.545,0.000254,0.0851,0.335,115.029,83.18455,2.4047444721328675,-0.5211490140091068
24,0.678,0.542,-8.474,0.0312,0.305,0.00134,0.0893,0.669,119.954,87.31343333333334,3.209296261325316,0.24609336124814035
25,0.36,0.209,-10.293,0.0355,0.967,0.00326,0.153,0.227,199.95,91.21815,2.28119543362441,0.5233295663209285
26,0.644,0.401,-6.782,0.0403,0.171,0.0,0.132,0.459,95.354,93.09946666666667,0.6271273699913125,-1.6386881583648842
27,0.467,0.493,-14.389,0.0467,0.456,0.0,0.105,0.675,77.42,96.22613333333334,2.3287002830477967,-0.17570125525811248
28,0.785,0.7,-5.81,0.0406,0.0179,0.00251,0.0823,0.296,122.031,100.88673333333334,2.964017600305104,-0.4626742628856011
29,0.435,0.123,-12.672,0.0389,0.974,0.00141,0.0931,0.0975,120.923,104.2534,2.578910826836933,-0.370727934619297
30,0.296,0.733,-4.849,0.0438,0.00497,0.000503,0.405,0.491,119.11,108.26595,0.11792871510083919,-0.5627878406978525
31,0.582,0.875,-4.752,0.0644,0.0135,0.00704,0.336,0.602,101.838,111.64243333333333,-0.7858985025245873,-0.7108000169270948
32,0.386,0.215,-7.769,0.0299,0.909,0.0,0.0959,0.215,162.486,114.83301666666667,1.6740665091640565,-0.003774406856464713
33,0.491,0.572,-6.854,0.0353,0.577,0.0974,0.11,0.33,117.291,119.56005,0.8271289373195921,-0.8605085042469771
34,0.312,0.445,-7.202,0.0305,0.365,0.0038,0.13,0.272,97.967,123.27203333333334,0.44618377843047063,0.25420234043372214
35,0.708,0.141,-12.876,0.0551,0.913,0.000578,0.113,0.554,117.76,125.90021666666667,0.47568927051576426,-0.888027334164574
36,0.422,0.943,-4.365,0.0954,0.074,6.83e-05,0.105,0.845,165.764,128.93576666666667,1.193740754091046,-1.0507870075357957
37,0.685,0.832,-7.219,0.0499,0.221,8.61e-06,0.373,0.563,125.952,131.89618333333334,1.6546392488759216,-1.501763571252683
38,0.614,0.763,-8.949,0.133,0.171,0.0,0.119,0.885,84.236,137.12463333333332,1.097312116567759,-0.7608312876586824
39,0.445,0.384,-14.642,0.0417,0.635,7.74e-05,0.0539,0.216,123.295,141.05775,1.4241031354696285,-1.0870555621639226
40,0.671,0.712,-7.815,0.0476,0.429,0.0,0.103,0.462,113.805,145.19841666666667,1.5767443706926172,-1.5001219694128969
41,0.31,0.403,-13.664,0.0326,0.0726,9.27e-05,0.139,0.466,134.48,150.49886666666666,3.2608632058374765,0.004829075483287856
42,0.635,0.686,-15.648,0.053,0.209,0.0176,0.282,0.464,125.988,155.07798333333332,1.1959370076600115,-0.4484033378269677
43,0.486,0.449,-10.298,0.0267,0.166,2.23e-06,0.54,0.549,100.456,159.3162,1.5406692030659277,-1.1147963920176123
44,0.489,0.758,-6.491,0.0297,0.000678,0.49,0.092,0.435,112.113,165.50641666666667,1.6728997598785253,-0.5805664320328487
45,0.557,0.8,-8.477,0.0601,0.00132,0.0012,0.0906,0.582,135.47,169.59596666666667,-1.0683046275596557,-0.1060477071293103
46,0.45,0.656,-7.049,0.0472,0.664,3.02e-06,0.259,0.782,106.61,174.38441666666668,2.52437498804573,2.786110421349405
47,0.359,0.102,-14.762,0.0356,0.972,1.37e-05,0.0788,0.241,105.219,178.25163333333333,-0.10337170966047082,-0.40790618851575405
48,0.802,0.849,-5.351,0.081,0.16,0.0,0.105,0.945,96.035,181.24785,0.26170095435684093,-0.46741029380666976
49,0.582,0.415,-10.721,0.0336,0.9,0.297,0.712,0.841,132.214,184.14785,1.4345393146215424,-0.4838442667355964
50,0.865,0.482,-8.87,0.0684,0.271,0.0741,0.0995,0.745,123.341,187.11363333333333,1.4718287882030412,-0.1446532894651697
51,0.635,0.528,-10.588,0.0314,0.399,0.28,0.227,0.185,109.992,190.51763333333332,3.288228760224456,1.5289616049926171
52,0.526,0.322,-10.031,0.0288,0.86,0.0,0.0884,0.615,110.392,193.81496666666666,4.233544127059278,-0.007122768639130502
53,0.622,0.577,-9.131,0.0418,0.805,0.218,0.144,0.458,139.999,197.68341666666666,0.6279046257734884,-1.6456506161697613
54,0.137,0.264,-11.362,0.0319,0.788,0.0024,0.122,0.17,76.627,203.44046666666668,3.613388263344251,-0.9555561901066274
55,0.575,0.176,-10.312,0.0349,0.925,1.14e-06,0.0903,0.24,85.276,208.10291666666666,4.73372864097632,0.7328528312338386
56,0.576,0.401,-8.666,0.027,0.127,0.0,0.135,0.304,139.855,211.83691666666667,0.23183150128991611,-0.9029690169785876
57,0.663,0.839,-5.21,0.0519,0.0359,4.61e-06,0.969,0.679,136.995,215.47158333333334,2.7764231435441986,1.6824386455861247
58,0.422,0.267,-9.533,0.0281,0.86,0.0,0.142,0.432,171.725,218.1938,0.6071393101492304,-0.9465854897440295
59,0.619,0.452,-5.449,0.028,0.502,0.0,0.122,0.174,131.981,221.59668333333335,-1.0683046275596557,-0.1060477071293103
60,0.371,0.523,-8.299,0.0376,0.316,0.0,0.0839,0.211,152.187,225.21801666666667,2.953274356404558,0.29134321453149725
61,0.51,0.395,-8.416,0.0379,0.559,0.0,0.0866,0.197,147.608,228.45348333333334,-0.9264490773523698,-0.9976282825164832
62,0.51,0.572,-6.153,0.0262,0.28,0.0,0.113,0.529,142.062,231.72081666666668,3.1297630745421143,0.64840222821568
63,0.395,0.601,-5.322,0.0384,0.51,0.0,0.0801,0.35,179.511,235.25326666666666,-1.5695049395276672,0.3492882471443783
64,0.799,0.36,-7.629,0.0387,0.874,0.0,0.163,0.425,119.971,238.24426666666668,0.05304992832333138,-1.115965997606792
65,0.647,0.13,-12.019,0.0402,0.88,0.0,0.09,0.284,122.015,241.8689,-2.501801982939018,-0.6642921969100213
66,0.538,0.774,-7.359,0.0484,0.0164,0.265,0.0685,0.249,127.107,246.3009,4.01970332578517,0.7299577150034507
67,0.711,0.473,-11.971,0.116,0.656,0.0666,0.119,0.32,90.001,248.41756666666666,1.5479012895302826,2.6989800882576986
68,0.748,0.909,-8.322,0.0505,0.0576,0.89,0.0945,0.0617,130.0,256.57556666666665,1.5616992091853892,-1.548157312693592
69,0.38,0.596,-5.977,0.0335,0.558,0.0,0.123,0.206,179.768,261.3075666666667,3.10876218503042,0.2252658699203235
70,0.643,0.312,-7.155,0.0351,0.836,0.0,0.106,0.094,94.093,265.22935,3.4398008915424088,0.716068173379634
71,0.529,0.125,-15.232,0.0476,0.827,8.83e-06,0.114,0.216,182.948,270.2653666666667,1.1969662172281246,-0.45379215623076846
72,0.433,0.123,-11.234,0.0468,0.887,0.0,0.106,0.137,181.882,274.34825,1.7678764085585565,-0.7487020457822118
73,0.439,0.303,-10.839,0.0422,0.839,0.0,0.071,0.268,139.475,277.1947,1.142808279876673,-1.571860770854075
74,0.263,0.237,-13.738,0.0344,0.638,0.305,0.109,0.0461,73.024,282.02456666666666,0.8063411882236573,-1.9055478690167595
75,0.333,0.0839,-13.297,0.0407,0.954,0.0,0.0975,0.325,138.889,285.9101166666667,3.3220046471629248,0.6274924162591338
76,0.322,0.656,-2.991,0.0333,0.374,0.0,0.336,0.219,132.968,290.06745,3.1000101572105767,0.3983407229252368
77,0.254,0.0592,-19.797,0.0471,0.974,0.274,0.145,0.0707,121.02,295.27433333333335,0.1834589658300433,-0.3470823530182644
78,0.304,0.379,-8.484,0.029,0.912,0.025,0.112,0.189,125.203,299.53055,3.1631988130479565,-0.16943348096726063
79,0.378,0.311,-10.012,0.0285,0.77,0.00183,0.0809,0.0767,56.993,304.6378833333333,3.1353312948601544,-0.06380340594340812
80,0.616,0.341,-14.398,0.401,0.688,0.00058,0.122,0.176,86.036,307.47955,0.4669210336966833,-0.1271937058547438
81,0.594,0.33,-10.637,0.0439,0.866,0.000103,0.145,0.183,119.774,311.25235,1.2971562485028987,2.038871616124249
82,0.56,0.311,-8.508,0.038,0.934,6.02e-05,0.0706,0.452,180.05,313.9456833333333,1.5418502450669955,-1.0968238129332901
83,0.381,0.594,-5.97,0.0486,0.348,0.0,0.0925,0.273,143.86,318.7941333333333,2.2735258815142894,-0.19138898439568197
84,0.64,0.395,-5.689,0.0307,0.206,0.0,0.0935,0.235,115.082,322.84746666666666,2.262400713078681,0.5265970203521876
85,0.604,0.366,-7.519,0.0282,0.578,0.0,0.133,0.13,141.981,326.5923833333333,0.7190082170842012,-1.2887791172826266
86,0.685,0.71,-9.247,0.0724,0.286,0.0,0.143,0.667,91.742,330.13416666666666,0.4452528179479891,0.026020132206123897
87,0.762,0.766,-3.955,0.0343,0.00776,6.98e-05,0.128,0.442,130.001,334.9195,3.5055167791213457,0.054924379571914705
88,0.721,0.581,-3.899,0.0282,0.587,0.0,0.174,0.95,93.001,338.28638333333333,1.8247678348521765,-0.6535325277562212
89,0.505,0.438,-7.433,0.0299,0.656,0.0,0.118,0.205,90.146,341.6675,3.9444642946100603,0.8029211921865551
90,0.433,0.724,-6.126,0.0372,0.1,0.0,0.0918,0.689,174.006,346.1359166666667,1.908286713052895,-0.8194972314766
91,0.694,0.739,-9.042,0.0265,0.0198,0.00238,0.18,0.862,117.705,350.14391666666666,3.8418936381324,0.6003072180437831
92,0.748,0.779,-6.659,0.0342,0.00884,3.96e-05,0.113,0.928,128.91,353.72613333333334,2.835789732393868,0.23010115730041
93,0.489,0.597,-6.633,0.0292,0.27,0.0,0.105,0.324,95.012,357.95146666666665,0.1361458941176919,-1.381333245449004
94,0.242,0.334,-9.375,0.0344,0.343,0.0,0.0703,0.0851,179.708,361.4808,1.348673785798745,1.4676084912865073
95,0.394,0.232,-19.852,0.0351,0.301,0.829,0.0959,0.04,122.016,368.01613333333336,-0.24172500321318938,-0.4112792704975606
96,0.252,0.314,-18.197,0.0407,0.942,0.676,0.0892,0.2,75.056,372.1462666666667,-0.38009163697882176,1.8125341055230657
97,0.785,0.381,-5.991,0.0348,0.686,0.0,0.107,0.872,121.885,375.52248333333335,0.7101148606332771,1.847083385849413
98,0.675,0.16,-11.667,0.0586,0.985,0.00688,0.164,0.247,69.754,378.50738333333334,1.099086311981968,-0.5771224130934542
99,0.791,0.407,-10.757,0.0321,0.401,0.000105,0.103,0.518,103.989,382.3305,1.2936247345064247,-0.01816260740567591
0,0.473,0.657,-6.278,0.024,0.0454,2.41e-06,0.068,0.294,74.996,3.74955,0.11599258721726141,0.03852406775200246
1,0.44,0.464,-6.722,0.0268,0.655,0.0,0.109,0.24,83.922,7.307766666666667,0.11448926662162771,-0.7756965677150176
2,0.422,0.499,-5.535,0.0659,0.673,0.0,0.0994,0.39,93.037,10.5407,0.4075981442689064,2.3350490683200094
3,0.435,0.295,-9.773,0.0264,0.774,0.0247,0.0769,0.15,141.293,16.25048333333333,1.5177083880006692,0.3987623801274903
4,0.385,0.393,-7.874,0.0258,0.561,0.00138,0.101,0.178,147.665,22.042033333333332,1.179329234927643,0.10312521946968209
5,0.583,0.598,-6.711,0.0262,0.0558,1.52e-05,0.0988,0.796,85.625,25.484916666666667,-0.3331678972070263,0.48871295642150875
6,0.421,0.407,-7.445,0.0267,0.309,0.000961,0.11,0.161,139.028,30.236916666666666,0.6550368588275518,-0.40382576450334506
7,0.464,0.473,-10.086,0.129,0.866,0.0,0.109,0.604,75.801,33.71503333333333,0.39344124880396664,1.1867945090434853
8,0.656,0.153,-10.386,0.15,0.222,0.0,0.0853,0.691,132.421,37.018816666666666,-0.057400438215025176,1.045360287611815
9,0.707,0.833,-2.498,0.0517,0.137,0.0,0.115,0.788,110.062,40.31516666666667,3.4597562661702916,-0.6406471811391826
10,0.436,0.4,-6.521,0.11,0.463,0.0,0.76,0.568,75.576,43.466,4.026067102885446,1.2320452738956997
11,0.113,0.219,-18.626,0.0529,0.641,0.904,0.105,0.0319,93.873,46.20288333333333,0.42662576582399514,-1.4147251935231835
12,0.83,0.159,-14.461,0.0383,0.946,2.02e-05,0.362,0.189,104.95,49.65955,0.14251782875769073,-1.665167914212549
13,0.365,0.273,-16.526,0.038,0.94,0.431,0.109,0.238,132.285,53.80896666666667,2.4482559331596674,0.24125372422052885
14,0.37,0.467,-9.013,0.0273,0.0205,0.572,0.109,0.182,94.485,58.65258333333333,1.25494070154005,-1.1340748629166264
15,0.362,0.569,-15.394,0.0345,0.876,0.91,0.327,0.746,148.692,61.543033333333334,-0.9273147315991948,-1.0715543973216592
16,0.447,0.449,-10.634,0.0376,0.934,0.961,0.0697,0.036,92.468,66.80015,-0.9264490773523698,-0.9976282825164832
17,0.701,0.341,-12.26,0.0418,0.499,0.903,0.359,0.163,105.513,69.32526666666666,0.4582697336999413,-0.9240472079794819
